[
    {
      "name": "Nightlife",
      "image": "images/nightlife.jpeg",
      "url": "https://www.tripadvisor.com/Attractions-g189473-Activities-c20-Thessaloniki_Thessaloniki_Region_Central_Macedonia.html"
    },
    {
      "name": "Wine roads",
      "image": "images/wine.jpg",
      "url": "https://www.discovergreece.com/experiences/exploring-wine-routes-thessaloniki"
    },
    {
        "name": "Festival",
        "image": "images/festival.webp",
        "url": "https://www.thessalonikiguide.gr/event/"
      },
      {
        "name": "What to do",
        "image": "images/what_to_do.webp",
        "url": "https://www.tripadvisor.com/Attractions-g189473-Activities-Thessaloniki_Thessaloniki_Region_Central_Macedonia.html"
      }, 
      {
        "name": "Excursions",
        "image": "images/excursions.jpg",
        "url": "https://www.getyourguide.com/el-gr/-l115/-tc172/?cmp=bing&ad_id=78271689003835&adgroup_id=1252344394088553&bid_match_type=bb&campaign_id=710111766&device=c&feed_item_id=&keyword=location_id%3D115&loc_interest_ms=136956&loc_physical_ms=136956&match_type=b&msclkid=8ae7b7e267101d343f5cd296ef2d3c35&network=o&partner_id=CD951&target_id=dat-2330071297965070&utm_adgroup=lc%3D115%3Athessaloniki%7Cfn%3Df1%7Cagt%3Ddsa&utm_campaign=dc%3D28%3Agr%7Clc%3D115%3Athessaloniki%7Cct%3Dcore%7Cln%3D29%3Aen%7Ctc%3Dall&utm_keyword=location_id%3D115&utm_medium=paid_search&utm_query=thessaloniki+excursions&utm_source=bing&visitor-id=PLYGCJ2FWU8XIZNABO035XAOT5UIUWI8&locale_autoredirect_optout=true"
      }, 
      {
        "name": "Museums",
        "image": "images/museum.webp",
        "url": "https://www.tripadvisor.com/Attractions-g189473-Activities-c49-Thessaloniki_Thessaloniki_Region_Central_Macedonia.html"
      }, 
      {
        "name": "Maps",
        "image": "images/map.jpeg",
        "url": "https://www.thecrazytourist.com/15-best-things-to-do-in-thessaloniki-greece/"
      }     
    ]
  