{
    "places": [
      {
        "name": "Garden Bistro",
        "description": "Enjoy your meals surrounded by our serene garden. A perfect place for both a romantic dinner and a family gathering.",
        "img": "images/bistro-garden.jpg",
        "details": [
          { "icon": "&#127760;", "text": "Intimate garden setting" },
          { "icon": "&#x1F374;", "text": "Fresh, organic ingredients" },
          { "icon": "&#10084;", "text": "Ideal for all occasions" }
        ]
      },
      {
        "name": "Skyline Lounge",
        "description": "Experience breathtaking views of the city skyline while sipping on our signature cocktails.",
        "img": "images/skyline-lounge.jpg",
        "details": [
          { "icon": "&#127760;", "text": "Panoramic city views" },
          { "icon": "&#x1F374;", "text": "Signature cocktails" },
          { "icon": "&#10084;", "text": "Chic and stylish ambiance" }
        ]
      }
    ]
  }
  